Application,Configuration,Interface,MessagesTotal,MessagesViolated
AAL,Baseline,Internal,10000,5597
AAL,Baseline,External,10000,6677
FD,Baseline,Internal,10000,4324
FD,Baseline,External,10000,6657
SPG,Baseline,Internal,10000,5572
SPG,Baseline,External,10000,6650
AAL,L-DIFT,Internal,10000,5601
AAL,L-DIFT,External,10000,0
FD,L-DIFT,Internal,10000,4335
FD,L-DIFT,External,10000,0
SPG,L-DIFT,Internal,10000,5600
SPG,L-DIFT,External,10000,0
AAL,Requalizer,Internal,10000,0
AAL,Requalizer,External,10000,0
FD,Requalizer,Internal,10000,0
FD,Requalizer,External,10000,0
SPG,Requalizer,Internal,10000,0
SPG,Requalizer,External,10000,0
